mode,seed_index,height,complexity,constraint_id,constraint_name,k,width,table_bytes,par,retries,hidden_bytes,hidden_validation_steps,hidden_validation_allocations,table_validation_steps,table_validation_allocations
global,0,0,16,0,none,3,6,86,26,0,26,43,34,67,130
global,0,0,255,0,none,3,7,86,26,0,26,43,34,67,130
global,0,0,256,3,letrec-required,3,7,114,54,0,54,61,64,85,160
global,0,0,512,3,letrec-required,4,8,137,55,0,55,73,77,142,273
global,0,0,1024,2,no-quote,5,10,107,24,1,24,71,56,123,128
global,0,0,2560,2,no-quote,8,18,197,30,0,30,97,57,297,305
global,0,0,4095,2,no-quote,8,24,178,24,0,24,113,89,297,305
global,0,1,16,0,none,3,6,65,30,0,30,30,22,55,82
global,0,1,255,0,none,3,7,76,30,0,30,38,22,55,82
global,0,1,256,0,none,3,7,101,27,3,27,37,28,73,154
global,0,1,512,1,no-digits,4,8,140,28,0,28,57,45,126,265
global,0,1,1024,2,no-quote,5,10,86,27,0,27,61,56,123,128
global,0,1,2560,4,builtin-cap,8,18,257,27,1,27,97,73,388,669
global,0,1,4095,6,small-literals,8,24,195,28,1,28,113,89,404,733
global,0,16,16,0,none,3,6,90,29,0,29,37,37,73,154
global,0,16,255,0,none,3,7,91,28,0,28,43,34,79,178
global,0,16,256,0,none,3,7,74,30,0,30,36,22,55,82
global,0,16,512,1,no-digits,4,8,140,28,0,28,57,45,126,265
global,0,16,1024,4,builtin-cap,5,10,111,24,0,24,71,56,142,204
global,0,16,2560,2,no-quote,8,18,170,38,0,38,129,89,297,305
global,0,16,4095,1,no-digits,8,24,225,27,1,27,97,73,388,669
global,0,255,16,0,none,3,6,96,29,1,29,37,37,73,154
global,0,255,255,0,none,3,7,95,28,0,28,43,34,79,178
global,0,255,256,0,none,3,7,86,26,0,26,43,34,67,130
global,0,255,512,0,none,4,8,93,30,0,30,43,29,94,137
global,0,255,1024,1,no-digits,5,10,154,27,0,27,61,86,172,324
global,0,255,2560,4,builtin-cap,8,18,232,26,0,26,113,89,372,605
global,0,255,4095,4,builtin-cap,8,24,183,24,1,24,113,89,340,477
global,0,4096,16,0,none,3,6,76,30,0,30,38,22,55,82
global,0,4096,255,0,none,3,7,85,30,0,30,44,22,55,82
global,0,4096,256,0,none,3,7,104,29,0,29,37,37,73,154
global,0,4096,512,3,letrec-required,4,8,112,51,0,51,81,85,118,177
global,0,4096,1024,2,no-quote,5,10,105,24,0,24,71,56,123,128
global,0,4096,2560,6,small-literals,8,18,235,29,0,29,97,97,388,669
global,0,4096,4095,2,no-quote,8,24,273,29,0,29,97,97,361,353
global,1,0,16,0,none,3,6,86,26,0,26,43,34,67,130
global,1,0,255,0,none,3,7,86,26,0,26,43,34,67,130
global,1,0,256,3,letrec-required,3,7,114,54,0,54,61,64,85,160
global,1,0,512,3,letrec-required,4,8,137,55,0,55,73,77,142,273
global,1,0,1024,2,no-quote,5,10,107,24,1,24,71,56,123,128
global,1,0,2560,2,no-quote,8,18,197,30,0,30,97,57,297,305
global,1,0,4095,2,no-quote,8,24,178,24,0,24,113,89,297,305
global,1,1,16,0,none,3,6,82,30,0,30,44,22,55,82
global,1,1,255,0,none,3,7,81,26,0,26,43,34,67,130
global,1,1,256,1,no-digits,3,7,99,29,0,29,37,37,73,154
global,1,1,512,0,none,4,8,118,29,0,29,49,49,118,233
global,1,1,1024,2,no-quote,5,10,116,30,1,30,60,36,123,128
global,1,1,2560,7,fold-required,8,18,245,46,0,46,145,225,436,757
global,1,1,4095,4,builtin-cap,8,24,256,26,0,26,89,105,388,669
global,1,16,16,0,none,3,6,101,26,0,26,34,40,73,154
global,1,16,255,0,none,3,7,94,27,0,27,37,28,73,154
global,1,16,256,0,none,3,7,85,26,0,26,43,34,67,130
global,1,16,512,3,letrec-required,4,8,145,54,0,54,81,85,134,241
global,1,16,1024,6,small-literals,5,10,184,28,0,28,71,56,182,364
global,1,16,2560,2,no-quote,8,18,222,33,0,33,127,73,297,305
global,1,16,4095,2,no-quote,8,24,297,27,0,27,97,73,377,353
global,1,255,16,0,none,3,6,79,29,1,29,37,37,73,154
global,1,255,255,0,none,3,7,92,28,0,28,43,34,79,178
global,1,255,256,0,none,3,7,74,30,0,30,38,22,55,82
global,1,255,512,1,no-digits,4,8,129,26,0,26,45,53,118,233
global,1,255,1024,7,fold-required,5,10,133,47,0,47,101,111,172,259
global,1,255,2560,6,small-literals,8,18,215,30,0,30,101,57,340,477
global,1,255,4095,7,fold-required,8,24,200,61,0,61,177,177,388,565
global,1,4096,16,0,none,3,6,81,26,0,26,43,34,67,130
global,1,4096,255,0,none,3,7,84,26,0,26,43,34,67,130
global,1,4096,256,0,none,3,7,82,30,0,30,44,22,55,82
global,1,4096,512,3,letrec-required,4,8,113,51,0,51,81,85,118,177
global,1,4096,1024,1,no-digits,5,10,171,27,0,27,61,46,172,324
global,1,4096,2560,1,no-digits,8,18,226,26,0,26,97,137,388,669
global,1,4096,4095,7,fold-required,8,24,254,59,0,59,177,337,436,757
global,2,0,16,0,none,3,6,86,26,0,26,43,34,67,130
global,2,0,255,0,none,3,7,86,26,0,26,43,34,67,130
global,2,0,256,3,letrec-required,3,7,114,54,0,54,61,64,85,160
global,2,0,512,3,letrec-required,4,8,137,55,0,55,73,77,142,273
global,2,0,1024,2,no-quote,5,10,107,24,1,24,71,56,123,128
global,2,0,2560,2,no-quote,8,18,197,30,0,30,97,57,297,305
global,2,0,4095,2,no-quote,8,24,178,24,0,24,113,89,297,305
global,2,1,16,0,none,3,6,89,29,0,29,37,37,73,154
global,2,1,255,0,none,3,7,89,29,1,29,37,37,73,154
global,2,1,256,3,letrec-required,3,7,125,56,0,56,61,64,97,208
global,2,1,512,0,none,4,8,126,26,0,26,49,69,118,233
global,2,1,1024,4,builtin-cap,5,10,110,24,0,24,71,56,142,204
global,2,1,2560,6,small-literals,8,18,281,27,0,27,89,105,388,669
global,2,1,4095,7,fold-required,8,24,271,58,0,58,187,161,388,565
global,2,16,16,0,none,3,6,89,29,0,29,37,37,73,154
global,2,16,255,0,none,3,7,80,27,0,27,37,28,73,154
global,2,16,256,3,letrec-required,3,7,114,54,0,54,61,64,85,160
global,2,16,512,3,letrec-required,4,8,137,58,0,58,79,69,118,177
global,2,16,1024,2,no-quote,5,10,106,24,0,24,71,56,123,128
global,2,16,2560,1,no-digits,8,18,256,35,0,35,145,105,420,797
global,2,16,4095,4,builtin-cap,8,24,259,31,0,31,121,121,404,733
global,2,255,16,0,none,3,6,85,26,0,26,43,34,67,130
global,2,255,255,0,none,3,7,80,27,1,27,37,28,73,154
global,2,255,256,5,single-lambda,3,7,91,30,0,30,50,22,55,82
global,2,255,512,1,no-digits,4,8,105,30,0,30,53,29,94,137
global,2,255,1024,2,no-quote,5,10,132,30,2,30,70,36,123,128
global,2,255,2560,1,no-digits,8,18,227,30,0,30,107,57,340,477
global,2,255,4095,6,small-literals,8,24,284,28,0,28,121,121,404,733
global,2,4096,16,0,none,3,6,84,26,0,26,43,34,67,130
global,2,4096,255,0,none,3,7,81,26,0,26,43,34,67,130
global,2,4096,256,1,no-digits,3,7,90,29,0,29,37,37,73,154
global,2,4096,512,3,letrec-required,4,8,137,55,0,55,73,77,142,273
global,2,4096,1024,6,small-literals,5,10,126,30,1,30,60,36,142,204
global,2,4096,2560,2,no-quote,8,18,157,50,0,50,249,305,297,305
global,2,4096,4095,7,fold-required,8,24,193,72,1,72,297,393,388,565
global,3,0,16,0,none,3,6,86,26,0,26,43,34,67,130
global,3,0,255,0,none,3,7,86,26,0,26,43,34,67,130
global,3,0,256,3,letrec-required,3,7,114,54,0,54,61,64,85,160
global,3,0,512,3,letrec-required,4,8,137,55,0,55,73,77,142,273
global,3,0,1024,2,no-quote,5,10,107,24,1,24,71,56,123,128
global,3,0,2560,2,no-quote,8,18,197,30,0,30,97,57,297,305
global,3,0,4095,2,no-quote,8,24,178,24,0,24,113,89,297,305
global,3,1,16,0,none,3,6,70,30,0,30,34,22,55,82
global,3,1,255,0,none,3,7,108,29,0,29,37,37,73,154
global,3,1,256,5,single-lambda,3,7,92,28,0,28,43,34,79,178
global,3,1,512,1,no-digits,4,8,111,30,1,30,55,29,94,137
global,3,1,1024,2,no-quote,5,10,88,27,0,27,61,56,123,128
global,3,1,2560,4,builtin-cap,8,18,239,32,0,32,127,73,340,477
global,3,1,4095,2,no-quote,8,24,277,29,1,29,97,97,361,353
global,3,16,16,0,none,3,6,80,27,0,27,37,28,73,154
global,3,16,255,0,none,3,7,81,29,0,29,37,37,73,154
global,3,16,256,1,no-digits,3,7,98,29,1,29,37,37,73,154
global,3,16,512,5,single-lambda,4,8,119,26,0,26,49,69,118,233
global,3,16,1024,4,builtin-cap,5,10,145,26,0,26,71,56,162,284
global,3,16,2560,1,no-digits,8,18,250,26,1,26,89,105,388,669
global,3,16,4095,4,builtin-cap,8,24,212,30,0,30,99,57,340,477
global,3,255,16,0,none,3,6,84,26,0,26,43,34,67,130
global,3,255,255,0,none,3,7,92,27,0,27,37,28,73,154
global,3,255,256,5,single-lambda,3,7,107,26,0,26,34,40,73,154
global,3,255,512,0,none,4,8,121,27,0,27,49,69,118,233
global,3,255,1024,7,fold-required,5,10,128,46,0,46,101,111,172,259
global,3,255,2560,6,small-literals,8,18,243,33,0,33,131,73,340,477
global,3,255,4095,6,small-literals,8,24,229,26,0,26,97,137,388,669
global,3,4096,16,0,none,3,6,101,26,0,26,34,40,73,154
global,3,4096,255,0,none,3,7,91,28,1,28,43,34,79,178
global,3,4096,256,0,none,3,7,89,30,0,30,48,22,55,82
global,3,4096,512,3,letrec-required,4,8,145,57,0,57,73,89,142,273
global,3,4096,1024,2,no-quote,5,10,173,29,1,29,61,61,163,158
global,3,4096,2560,4,builtin-cap,8,18,219,27,0,27,97,73,388,669
global,3,4096,4095,6,small-literals,8,24,262,36,0,36,153,73,340,477
global,4,0,16,0,none,3,6,86,26,0,26,43,34,67,130
global,4,0,255,0,none,3,7,86,26,0,26,43,34,67,130
global,4,0,256,3,letrec-required,3,7,114,54,0,54,61,64,85,160
global,4,0,512,3,letrec-required,4,8,137,55,0,55,73,77,142,273
global,4,0,1024,2,no-quote,5,10,107,24,1,24,71,56,123,128
global,4,0,2560,2,no-quote,8,18,197,30,0,30,97,57,297,305
global,4,0,4095,2,no-quote,8,24,178,24,0,24,113,89,297,305
global,4,1,16,0,none,3,6,85,29,0,29,37,37,73,154
global,4,1,255,0,none,3,7,76,30,0,30,40,22,55,82
global,4,1,256,1,no-digits,3,7,88,29,0,29,37,37,73,154
global,4,1,512,1,no-digits,4,8,142,29,0,29,49,49,118,233
global,4,1,1024,7,fold-required,5,10,190,48,0,48,86,121,202,379
global,4,1,2560,4,builtin-cap,8,18,294,39,0,39,129,249,388,669
global,4,1,4095,6,small-literals,8,24,233,30,1,30,113,57,340,477
global,4,16,16,0,none,3,6,71,30,0,30,36,22,55,82
global,4,16,255,0,none,3,7,82,28,0,28,43,34,79,178
global,4,16,256,0,none,3,7,85,26,0,26,43,34,67,130
global,4,16,512,1,no-digits,4,8,121,29,0,29,49,49,118,233
global,4,16,1024,7,fold-required,5,10,142,50,0,50,91,101,202,379
global,4,16,2560,7,fold-required,8,18,204,47,0,47,161,177,388,565
global,4,16,4095,1,no-digits,8,24,220,27,0,27,97,73,388,669
global,4,255,16,0,none,3,6,98,29,0,29,37,37,73,154
global,4,255,255,0,none,3,7,92,28,0,28,43,34,79,178
global,4,255,256,0,none,3,7,82,30,1,30,42,22,55,82
global,4,255,512,5,single-lambda,4,8,109,27,2,27,49,37,118,233
global,4,255,1024,2,no-quote,5,10,162,26,1,26,71,56,153,148
global,4,255,2560,2,no-quote,8,18,183,34,3,34,127,73,297,305
global,4,255,4095,7,fold-required,8,24,214,57,0,57,175,161,388,565
global,4,4096,16,0,none,3,6,94,26,0,26,34,40,73,154
global,4,4096,255,0,none,3,7,86,26,1,26,43,34,67,130
global,4,4096,256,5,single-lambda,3,7,80,27,0,27,37,28,73,154
global,4,4096,512,3,letrec-required,4,8,142,54,0,54,81,85,134,241
global,4,4096,1024,6,small-literals,5,10,141,30,0,30,70,36,142,204
global,4,4096,2560,6,small-literals,8,18,230,30,1,30,111,57,340,477
global,4,4096,4095,7,fold-required,8,24,250,51,0,51,161,177,452,821
global,5,0,16,0,none,3,6,86,26,0,26,43,34,67,130
global,5,0,255,0,none,3,7,86,26,0,26,43,34,67,130
global,5,0,256,3,letrec-required,3,7,114,54,0,54,61,64,85,160
global,5,0,512,3,letrec-required,4,8,137,55,0,55,73,77,142,273
global,5,0,1024,2,no-quote,5,10,107,24,1,24,71,56,123,128
global,5,0,2560,2,no-quote,8,18,197,30,0,30,97,57,297,305
global,5,0,4095,2,no-quote,8,24,178,24,0,24,113,89,297,305
global,5,1,16,0,none,3,6,97,26,0,26,34,40,73,154
global,5,1,255,0,none,3,7,92,28,1,28,43,34,79,178
global,5,1,256,1,no-digits,3,7,80,30,1,30,42,22,55,82
global,5,1,512,5,single-lambda,4,8,124,30,0,30,65,29,94,137
global,5,1,1024,1,no-digits,5,10,142,29,0,29,61,61,172,324
global,5,1,2560,7,fold-required,8,18,262,49,1,49,145,225,436,757
global,5,1,4095,2,no-quote,8,24,273,29,1,29,97,97,361,353
global,5,16,16,0,none,3,6,94,26,2,26,34,40,73,154
global,5,16,255,0,none,3,7,82,28,0,28,43,34,79,178
global,5,16,256,5,single-lambda,3,7,67,29,0,29,37,37,73,154
global,5,16,512,0,none,4,8,130,27,0,27,49,37,118,233
global,5,16,1024,6,small-literals,5,10,157,29,0,29,61,86,172,324
global,5,16,2560,4,builtin-cap,8,18,152,27,0,27,97,89,340,477
global,5,16,4095,2,no-quote,8,24,150,31,1,31,102,89,297,305
global,5,255,16,0,none,3,6,73,27,2,27,37,28,73,154
global,5,255,255,0,none,3,7,114,28,0,28,43,34,79,178
global,5,255,256,3,letrec-required,3,7,132,57,0,57,55,67,91,184
global,5,255,512,5,single-lambda,4,8,123,27,0,27,49,69,118,233
global,5,255,1024,7,fold-required,5,10,161,53,0,53,96,91,172,259
global,5,255,2560,7,fold-required,8,18,260,56,0,56,177,161,388,565
global,5,255,4095,4,builtin-cap,8,24,243,29,0,29,121,121,404,733
global,5,4096,16,0,none,3,6,81,26,0,26,43,34,67,130
global,5,4096,255,0,none,3,7,84,26,1,26,43,34,67,130
global,5,4096,256,0,none,3,7,102,29,0,29,37,37,73,154
global,5,4096,512,1,no-digits,4,8,108,27,0,27,49,37,118,233
global,5,4096,1024,6,small-literals,5,10,170,27,0,27,61,86,172,324
global,5,4096,2560,4,builtin-cap,8,18,240,37,0,37,129,249,388,669
global,5,4096,4095,4,builtin-cap,8,24,264,27,0,27,97,73,388,669
global,6,0,16,0,none,3,6,86,26,0,26,43,34,67,130
global,6,0,255,0,none,3,7,86,26,0,26,43,34,67,130
global,6,0,256,3,letrec-required,3,7,114,54,0,54,61,64,85,160
global,6,0,512,3,letrec-required,4,8,137,55,0,55,73,77,142,273
global,6,0,1024,2,no-quote,5,10,107,24,1,24,71,56,123,128
global,6,0,2560,2,no-quote,8,18,197,30,0,30,97,57,297,305
global,6,0,4095,2,no-quote,8,24,178,24,0,24,113,89,297,305
global,6,1,16,0,none,3,6,83,30,0,30,42,22,55,82
global,6,1,255,0,none,3,7,98,28,0,28,43,34,79,178
global,6,1,256,1,no-digits,3,7,85,26,0,26,34,40,73,154
global,6,1,512,1,no-digits,4,8,128,28,1,28,57,45,126,265
global,6,1,1024,2,no-quote,5,10,167,26,1,26,71,56,153,148
global,6,1,2560,2,no-quote,8,18,278,29,0,29,97,97,361,353
global,6,1,4095,4,builtin-cap,8,24,152,27,0,27,97,89,340,477
global,6,16,16,0,none,3,6,86,24,0,24,34,40,73,154
global,6,16,255,0,none,3,7,92,28,0,28,43,34,79,178
global,6,16,256,5,single-lambda,3,7,82,26,0,26,43,34,67,130
global,6,16,512,3,letrec-required,4,8,112,50,0,50,81,85,118,177
global,6,16,1024,2,no-quote,5,10,173,29,0,29,61,61,163,158
global,6,16,2560,6,small-literals,8,18,232,29,0,29,97,97,388,669
global,6,16,4095,6,small-literals,8,24,195,28,0,28,113,89,404,733
global,6,255,16,0,none,3,6,89,29,0,29,37,37,73,154
global,6,255,255,0,none,3,7,80,30,0,30,42,22,55,82
global,6,255,256,3,letrec-required,3,7,111,58,0,58,62,52,73,112
global,6,255,512,3,letrec-required,4,8,158,54,0,54,69,93,142,273
global,6,255,1024,1,no-digits,5,10,186,28,0,28,71,56,182,364
global,6,255,2560,1,no-digits,8,18,259,35,1,35,147,73,340,477
global,6,255,4095,6,small-literals,8,24,224,36,0,36,89,73,372,605
global,6,4096,16,0,none,3,6,92,26,1,26,34,40,73,154
global,6,4096,255,0,none,3,7,89,27,1,27,37,28,73,154
global,6,4096,256,5,single-lambda,3,7,90,29,1,29,37,37,73,154
global,6,4096,512,1,no-digits,4,8,131,26,0,26,45,53,118,233
global,6,4096,1024,1,no-digits,5,10,130,27,0,27,61,46,172,324
global,6,4096,2560,1,no-digits,8,18,232,33,0,33,129,249,388,669
global,6,4096,4095,7,fold-required,8,24,241,53,0,53,149,145,388,565
global,7,0,16,0,none,3,6,86,26,0,26,43,34,67,130
global,7,0,255,0,none,3,7,86,26,0,26,43,34,67,130
global,7,0,256,3,letrec-required,3,7,114,54,0,54,61,64,85,160
global,7,0,512,3,letrec-required,4,8,137,55,0,55,73,77,142,273
global,7,0,1024,2,no-quote,5,10,107,24,1,24,71,56,123,128
global,7,0,2560,2,no-quote,8,18,197,30,0,30,97,57,297,305
global,7,0,4095,2,no-quote,8,24,178,24,0,24,113,89,297,305
global,7,1,16,0,none,3,6,86,26,0,26,43,34,67,130
global,7,1,255,0,none,3,7,80,27,0,27,37,28,73,154
global,7,1,256,0,none,3,7,85,29,0,29,37,37,73,154
global,7,1,512,1,no-digits,4,8,99,30,1,30,47,29,94,137
global,7,1,1024,1,no-digits,5,10,154,26,0,26,56,66,172,324
global,7,1,2560,4,builtin-cap,8,18,288,39,0,39,129,249,388,669
global,7,1,4095,1,no-digits,8,24,257,27,1,27,97,137,388,669
global,7,16,16,0,none,3,6,100,27,0,27,37,28,73,154
global,7,16,255,0,none,3,7,85,30,1,30,44,22,55,82
global,7,16,256,0,none,3,7,77,30,0,30,38,22,55,82
global,7,16,512,5,single-lambda,4,8,108,27,1,27,49,37,118,233
global,7,16,1024,4,builtin-cap,5,10,92,27,0,27,61,56,142,204
global,7,16,2560,2,no-quote,8,18,183,34,0,34,127,73,297,305
global,7,16,4095,4,builtin-cap,8,24,281,27,0,27,97,73,388,669
global,7,255,16,0,none,3,6,70,30,0,30,34,22,55,82
global,7,255,255,0,none,3,7,80,27,0,27,37,28,73,154
global,7,255,256,5,single-lambda,3,7,100,29,0,29,37,37,73,154
global,7,255,512,0,none,4,8,108,29,0,29,49,49,118,233
global,7,255,1024,4,builtin-cap,5,10,93,27,1,27,61,56,142,204
global,7,255,2560,6,small-literals,8,18,187,29,0,29,97,97,388,669
global,7,255,4095,2,no-quote,8,24,216,33,1,33,125,73,297,305
global,7,4096,16,0,none,3,6,95,24,0,24,34,40,73,154
global,7,4096,255,0,none,3,7,80,27,1,27,37,28,73,154
global,7,4096,256,0,none,3,7,80,30,0,30,42,22,55,82
global,7,4096,512,5,single-lambda,4,8,115,26,0,26,57,45,110,201
global,7,4096,1024,4,builtin-cap,5,10,135,30,0,30,64,36,142,204
global,7,4096,2560,1,no-digits,8,18,258,27,1,27,97,137,388,669
global,7,4096,4095,2,no-quote,8,24,172,24,1,24,113,89,297,305
global,8,0,16,0,none,3,6,86,26,0,26,43,34,67,130
global,8,0,255,0,none,3,7,86,26,0,26,43,34,67,130
global,8,0,256,3,letrec-required,3,7,114,54,0,54,61,64,85,160
global,8,0,512,3,letrec-required,4,8,137,55,0,55,73,77,142,273
global,8,0,1024,2,no-quote,5,10,107,24,1,24,71,56,123,128
global,8,0,2560,2,no-quote,8,18,197,30,0,30,97,57,297,305
global,8,0,4095,2,no-quote,8,24,178,24,0,24,113,89,297,305
global,8,1,16,0,none,3,6,82,29,0,29,37,37,73,154
global,8,1,255,0,none,3,7,101,25,0,25,34,40,73,154
global,8,1,256,0,none,3,7,80,27,0,27,37,28,73,154
global,8,1,512,1,no-digits,4,8,97,30,1,30,47,29,94,137
global,8,1,1024,7,fold-required,5,10,163,49,0,49,101,111,192,339
global,8,1,2560,6,small-literals,8,18,243,33,0,33,131,73,340,477
global,8,1,4095,4,builtin-cap,8,24,153,27,0,27,97,89,340,477
global,8,16,16,0,none,3,6,80,27,0,27,37,28,73,154
global,8,16,255,0,none,3,7,82,30,0,30,44,22,55,82
global,8,16,256,3,letrec-required,3,7,113,54,0,54,61,64,85,160
global,8,16,512,3,letrec-required,4,8,112,51,0,51,81,85,118,177
global,8,16,1024,4,builtin-cap,5,10,138,30,0,30,68,36,142,204
global,8,16,2560,2,no-quote,8,18,297,27,0,27,97,73,377,353
global,8,16,4095,1,no-digits,8,24,232,29,0,29,97,97,388,669
global,8,255,16,0,none,3,6,92,26,1,26,34,40,73,154
global,8,255,255,0,none,3,7,76,29,0,29,37,37,73,154
global,8,255,256,1,no-digits,3,7,108,28,0,28,43,34,79,178
global,8,255,512,0,none,4,8,111,30,1,30,57,29,94,137
global,8,255,1024,2,no-quote,5,10,89,27,0,27,61,56,123,128
global,8,255,2560,1,no-digits,8,18,232,33,1,33,125,73,340,477
global,8,255,4095,4,builtin-cap,8,24,258,35,0,35,145,105,420,797
global,8,4096,16,0,none,3,6,92,29,0,29,37,37,73,154
global,8,4096,255,0,none,3,7,100,29,1,29,37,37,73,154
global,8,4096,256,3,letrec-required,3,7,101,55,0,55,55,58,91,184
global,8,4096,512,1,no-digits,4,8,128,29,0,29,49,49,118,233
global,8,4096,1024,7,fold-required,5,10,170,49,0,49,101,111,192,339
global,8,4096,2560,7,fold-required,8,18,288,58,1,58,193,193,468,885
global,8,4096,4095,2,no-quote,8,24,169,38,0,38,129,89,297,305
global,9,0,16,0,none,3,6,86,26,0,26,43,34,67,130
global,9,0,255,0,none,3,7,86,26,0,26,43,34,67,130
global,9,0,256,3,letrec-required,3,7,114,54,0,54,61,64,85,160
global,9,0,512,3,letrec-required,4,8,137,55,0,55,73,77,142,273
global,9,0,1024,2,no-quote,5,10,107,24,1,24,71,56,123,128
global,9,0,2560,2,no-quote,8,18,197,30,0,30,97,57,297,305
global,9,0,4095,2,no-quote,8,24,178,24,0,24,113,89,297,305
global,9,1,16,0,none,3,6,80,30,0,30,40,22,55,82
global,9,1,255,0,none,3,7,76,27,0,27,37,28,73,154
global,9,1,256,5,single-lambda,3,7,80,27,0,27,37,28,73,154
global,9,1,512,3,letrec-required,4,8,142,54,0,54,81,85,134,241
global,9,1,1024,6,small-literals,5,10,144,27,0,27,61,46,172,324
global,9,1,2560,1,no-digits,8,18,242,35,1,35,135,73,340,477
global,9,1,4095,1,no-digits,8,24,272,32,0,32,121,121,404,733
global,9,16,16,0,none,3,6,80,27,0,27,37,28,73,154
global,9,16,255,0,none,3,7,100,29,1,29,37,37,73,154
global,9,16,256,5,single-lambda,3,7,77,30,0,30,38,22,55,82
global,9,16,512,5,single-lambda,4,8,108,30,0,30,55,29,94,137
global,9,16,1024,4,builtin-cap,5,10,153,28,0,28,71,56,182,364
global,9,16,2560,2,no-quote,8,18,172,24,1,24,113,89,297,305
global,9,16,4095,7,fold-required,8,24,272,60,0,60,177,337,436,757
global,9,255,16,0,none,3,6,71,29,0,29,37,37,73,154
global,9,255,255,0,none,3,7,87,29,1,29,37,37,73,154
global,9,255,256,1,no-digits,3,7,110,29,2,29,37,37,73,154
global,9,255,512,1,no-digits,4,8,121,26,2,26,49,69,118,233
global,9,255,1024,1,no-digits,5,10,134,30,0,30,64,36,142,204
global,9,255,2560,6,small-literals,8,18,256,26,0,26,97,137,388,669
global,9,255,4095,6,small-literals,8,24,256,37,0,37,129,249,388,669
global,9,4096,16,0,none,3,6,74,26,0,26,43,34,67,130
global,9,4096,255,0,none,3,7,70,30,0,30,34,22,55,82
global,9,4096,256,5,single-lambda,3,7,73,30,0,30,36,22,55,82
global,9,4096,512,1,no-digits,4,8,106,30,0,30,53,29,94,137
global,9,4096,1024,6,small-literals,5,10,140,29,2,29,61,61,172,324
global,9,4096,2560,4,builtin-cap,8,18,231,33,1,33,123,73,340,477
global,9,4096,4095,4,builtin-cap,8,24,218,36,0,36,89,73,372,605
global,10,0,16,0,none,3,6,86,26,0,26,43,34,67,130
global,10,0,255,0,none,3,7,86,26,0,26,43,34,67,130
global,10,0,256,3,letrec-required,3,7,114,54,0,54,61,64,85,160
global,10,0,512,3,letrec-required,4,8,137,55,0,55,73,77,142,273
global,10,0,1024,2,no-quote,5,10,107,24,1,24,71,56,123,128
global,10,0,2560,2,no-quote,8,18,197,30,0,30,97,57,297,305
global,10,0,4095,2,no-quote,8,24,178,24,0,24,113,89,297,305
global,10,1,16,0,none,3,6,89,29,3,29,37,37,73,154
global,10,1,255,0,none,3,7,86,26,0,26,43,34,67,130
global,10,1,256,5,single-lambda,3,7,88,27,0,27,37,28,73,154
global,10,1,512,5,single-lambda,4,8,129,27,0,27,49,37,118,233
global,10,1,1024,4,builtin-cap,5,10,165,27,0,27,61,46,172,324
global,10,1,2560,4,builtin-cap,8,18,249,29,0,29,97,97,388,669
global,10,1,4095,7,fold-required,8,24,290,50,0,50,145,161,436,757
global,10,16,16,0,none,3,6,89,29,0,29,37,37,73,154
global,10,16,255,0,none,3,7,89,29,0,29,37,37,73,154
global,10,16,256,3,letrec-required,3,7,104,58,0,58,58,52,73,112
global,10,16,512,3,letrec-required,4,8,157,57,0,57,73,109,142,273
global,10,16,1024,4,builtin-cap,5,10,152,29,0,29,61,61,172,324
global,10,16,2560,2,no-quote,8,18,161,50,0,50,249,305,297,305
global,10,16,4095,2,no-quote,8,24,235,33,3,33,147,131,365,357
global,10,255,16,0,none,3,6,67,30,0,30,32,22,55,82
global,10,255,255,0,none,3,7,84,26,0,26,43,34,67,130
global,10,255,256,1,no-digits,3,7,85,24,0,24,34,40,73,154
global,10,255,512,3,letrec-required,4,8,140,54,0,54,81,85,134,241
global,10,255,1024,2,no-quote,5,10,88,27,0,27,61,56,123,128
global,10,255,2560,4,builtin-cap,8,18,239,26,0,26,97,137,388,669
global,10,255,4095,2,no-quote,8,24,202,32,0,32,111,73,297,305
global,10,4096,16,0,none,3,6,89,29,0,29,37,37,73,154
global,10,4096,255,0,none,3,7,96,28,1,28,43,34,79,178
global,10,4096,256,0,none,3,7,74,30,0,30,36,22,55,82
global,10,4096,512,3,letrec-required,4,8,141,51,0,51,69,93,142,273
global,10,4096,1024,6,small-literals,5,10,149,29,0,29,61,61,172,324
global,10,4096,2560,2,no-quote,8,18,168,38,0,38,129,89,297,305
global,10,4096,4095,2,no-quote,8,24,228,33,0,33,131,73,297,305
global,11,0,16,0,none,3,6,86,26,0,26,43,34,67,130
global,11,0,255,0,none,3,7,86,26,0,26,43,34,67,130
global,11,0,256,3,letrec-required,3,7,114,54,0,54,61,64,85,160
global,11,0,512,3,letrec-required,4,8,137,55,0,55,73,77,142,273
global,11,0,1024,2,no-quote,5,10,107,24,1,24,71,56,123,128
global,11,0,2560,2,no-quote,8,18,197,30,0,30,97,57,297,305
global,11,0,4095,2,no-quote,8,24,178,24,0,24,113,89,297,305
global,11,1,16,0,none,3,6,80,27,0,27,37,28,73,154
global,11,1,255,0,none,3,7,85,29,0,29,37,37,73,154
global,11,1,256,3,letrec-required,3,7,113,54,0,54,61,64,85,160
global,11,1,512,1,no-digits,4,8,131,28,1,28,57,45,126,265
global,11,1,1024,2,no-quote,5,10,89,27,0,27,61,56,123,128
global,11,1,2560,7,fold-required,8,18,279,49,0,49,137,193,436,757
global,11,1,4095,6,small-literals,8,24,239,28,0,28,113,89,404,733
global,11,16,16,0,none,3,6,84,26,0,26,43,34,67,130
global,11,16,255,0,none,3,7,108,29,0,29,37,37,73,154
global,11,16,256,1,no-digits,3,7,94,27,1,27,37,28,73,154
global,11,16,512,3,letrec-required,4,8,144,54,1,54,81,85,134,241
global,11,16,1024,1,no-digits,5,10,149,27,0,27,61,46,172,324
global,11,16,2560,6,small-literals,8,18,211,26,0,26,89,105,388,669
global,11,16,4095,2,no-quote,8,24,200,30,0,30,101,57,297,305
global,11,255,16,0,none,3,6,79,26,0,26,43,34,67,130
global,11,255,255,0,none,3,7,100,29,0,29,37,37,73,154
global,11,255,256,5,single-lambda,3,7,77,27,3,27,37,28,73,154
global,11,255,512,3,letrec-required,4,8,113,51,0,51,81,85,118,177
global,11,255,1024,1,no-digits,5,10,159,27,0,27,61,46,172,324
global,11,255,2560,7,fold-required,8,18,264,49,0,49,145,225,436,757
global,11,255,4095,2,no-quote,8,24,157,31,1,31,110,89,297,305
global,11,4096,16,0,none,3,6,91,25,0,25,34,40,73,154
global,11,4096,255,0,none,3,7,92,28,0,28,43,34,79,178
global,11,4096,256,1,no-digits,3,7,85,27,0,27,37,28,73,154
global,11,4096,512,0,none,4,8,121,29,0,29,49,49,118,233
global,11,4096,1024,6,small-literals,5,10,159,27,0,27,61,46,172,324
global,11,4096,2560,4,builtin-cap,8,18,249,29,0,29,97,97,388,669
global,11,4096,4095,6,small-literals,8,24,203,35,0,35,145,105,420,797
forced,23,8192,4095,0,none,8,24,218,52,0,52,329,349,384,653
forced,23,8192,4095,1,no-digits,8,24,238,35,1,35,145,105,420,797
forced,23,8192,4095,2,no-quote,8,24,237,36,1,36,89,73,345,337
forced,23,8192,4095,3,letrec-required,8,24,246,80,0,80,377,429,432,733
forced,23,8192,4095,4,builtin-cap,8,24,218,52,0,52,329,349,384,653
forced,23,8192,4095,5,single-lambda,8,24,157,31,0,31,108,89,340,477
forced,23,8192,4095,6,small-literals,8,24,230,26,0,26,97,137,388,669
forced,23,8192,4095,7,fold-required,8,24,241,75,0,75,377,437,432,741
